[
    {
      "_id": "5bfc019cbe283e883a4f06c2",
      "index": 0,
      "guid": "43a4c768-c38a-4478-9e98-3b4284f6c354",
      "isActive": false,
      "balance": "$2,830.00",
      "picture": "http://placehold.it/32x32",
      "age": 38,
      "eyeColor": "brown",
      "name": "Collins Holt",
      "gender": "male",
      "company": "ANACHO",
      "email": "collinsholt@anacho.com",
      "phone": "+1 (946) 524-3370"
    },
    {
      "_id": "5bfc019c764f41a0f88eb182",
      "index": 1,
      "guid": "9bdb2628-813d-4e9f-a119-581b679ffc71",
      "isActive": true,
      "balance": "$1,192.57",
      "picture": "http://placehold.it/32x32",
      "age": 39,
      "eyeColor": "blue",
      "name": "Florence Rodriguez",
      "gender": "female",
      "company": "ACCUSAGE",
      "email": "florencerodriguez@accusage.com",
      "phone": "+1 (974) 472-3429"
    },
    {
      "_id": "5bfc019ccf05e39f79180999",
      "index": 2,
      "guid": "9620c7ea-25ec-4fdb-811b-44f151505b0f",
      "isActive": true,
      "balance": "$1,889.41",
      "picture": "http://placehold.it/32x32",
      "age": 36,
      "eyeColor": "green",
      "name": "Alexandria Solis",
      "gender": "female",
      "company": "BRAINQUIL",
      "email": "alexandriasolis@brainquil.com",
      "phone": "+1 (816) 468-2630"
    },
    {
      "_id": "5bfc019c598b4366b833e63c",
      "index": 3,
      "guid": "77ca59a2-6044-4b16-ac22-ef89d484c70b",
      "isActive": false,
      "balance": "$2,256.77",
      "picture": "http://placehold.it/32x32",
      "age": 22,
      "eyeColor": "green",
      "name": "Freida Craft",
      "gender": "female",
      "company": "SCENTY",
      "email": "freidacraft@scenty.com",
      "phone": "+1 (845) 509-3548"
    },
    {
      "_id": "5bfc019cc5995abca78386e4",
      "index": 4,
      "guid": "bf8f05d3-6903-4922-b035-608ba67cc246",
      "isActive": true,
      "balance": "$2,813.63",
      "picture": "http://placehold.it/32x32",
      "age": 27,
      "eyeColor": "brown",
      "name": "Adeline Ware",
      "gender": "female",
      "company": "MUSIX",
      "email": "adelineware@musix.com",
      "phone": "+1 (921) 549-2892"
    },
    {
      "_id": "5bfc019c77e05bf01b761d72",
      "index": 5,
      "guid": "de0b8319-b58e-48ea-90db-6a122124a7a3",
      "isActive": false,
      "balance": "$2,773.63",
      "picture": "http://placehold.it/32x32",
      "age": 28,
      "eyeColor": "green",
      "name": "Trevino Copeland",
      "gender": "male",
      "company": "MOMENTIA",
      "email": "trevinocopeland@momentia.com",
      "phone": "+1 (881) 513-2653"
    },
    {
      "_id": "5bfc019c41e21ef642b82408",
      "index": 6,
      "guid": "7fe235b2-4c86-4254-917a-1ee50d1f1f12",
      "isActive": false,
      "balance": "$2,298.55",
      "picture": "http://placehold.it/32x32",
      "age": 21,
      "eyeColor": "blue",
      "name": "Tommie Nguyen",
      "gender": "female",
      "company": "TELPOD",
      "email": "tommienguyen@telpod.com",
      "phone": "+1 (843) 567-2101"
    },
    {
      "_id": "5bfc019c3d7bc65e9d195e7b",
      "index": 7,
      "guid": "6911d114-d678-4cae-829d-9175146c8c26",
      "isActive": false,
      "balance": "$1,797.77",
      "picture": "http://placehold.it/32x32",
      "age": 29,
      "eyeColor": "blue",
      "name": "Lucy Frank",
      "gender": "female",
      "company": "PORTICA",
      "email": "lucyfrank@portica.com",
      "phone": "+1 (917) 423-2596"
    },
    {
      "_id": "5bfc019c7c4ff6ff7467d167",
      "index": 8,
      "guid": "36040c38-cf2c-4286-9576-922723fa6b47",
      "isActive": false,
      "balance": "$3,110.13",
      "picture": "http://placehold.it/32x32",
      "age": 20,
      "eyeColor": "blue",
      "name": "Haney Garza",
      "gender": "male",
      "company": "TRIBALOG",
      "email": "haneygarza@tribalog.com",
      "phone": "+1 (920) 485-3815"
    },
    {
      "_id": "5bfc019c2786eb27f72fbfeb",
      "index": 9,
      "guid": "fde9df27-a174-4d01-bfbf-00c96ca4bb26",
      "isActive": false,
      "balance": "$3,741.13",
      "picture": "http://placehold.it/32x32",
      "age": 22,
      "eyeColor": "green",
      "name": "Santana Wooten",
      "gender": "male",
      "company": "FISHLAND",
      "email": "santanawooten@fishland.com",
      "phone": "+1 (992) 595-3079"
    },
    {
      "_id": "5bfc019c939bbb0792063260",
      "index": 10,
      "guid": "990c95ab-07fc-4c87-89be-c216b9d8fddd",
      "isActive": true,
      "balance": "$1,964.42",
      "picture": "http://placehold.it/32x32",
      "age": 39,
      "eyeColor": "green",
      "name": "Margo Pena",
      "gender": "female",
      "company": "BIZMATIC",
      "email": "margopena@bizmatic.com",
      "phone": "+1 (991) 555-2620"
    },
    {
      "_id": "5bfc019cac9362e749e394ec",
      "index": 11,
      "guid": "c053c1da-4cd0-4bee-81ac-18778346d87a",
      "isActive": false,
      "balance": "$3,144.31",
      "picture": "http://placehold.it/32x32",
      "age": 23,
      "eyeColor": "green",
      "name": "Janie Graves",
      "gender": "female",
      "company": "TUBESYS",
      "email": "janiegraves@tubesys.com",
      "phone": "+1 (981) 523-2659"
    },
    {
      "_id": "5bfc019cb5af8d03c9c8b06f",
      "index": 12,
      "guid": "6af9f261-f77b-4f0d-9443-3d57af3d16d3",
      "isActive": true,
      "balance": "$1,725.00",
      "picture": "http://placehold.it/32x32",
      "age": 31,
      "eyeColor": "blue",
      "name": "Franco Todd",
      "gender": "male",
      "company": "BARKARAMA",
      "email": "francotodd@barkarama.com",
      "phone": "+1 (822) 538-2656"
    },
    {
      "_id": "5bfc019cb5690028c487325a",
      "index": 13,
      "guid": "1f11ce47-657f-4b2f-91c1-992abba1b044",
      "isActive": true,
      "balance": "$3,501.96",
      "picture": "http://placehold.it/32x32",
      "age": 34,
      "eyeColor": "brown",
      "name": "Deirdre Ortega",
      "gender": "female",
      "company": "ELPRO",
      "email": "deirdreortega@elpro.com",
      "phone": "+1 (865) 569-3119"
    },
    {
      "_id": "5bfc019c9b4c261b4db33434",
      "index": 14,
      "guid": "6f96cddc-38bb-4587-a061-1036a41f0bfc",
      "isActive": false,
      "balance": "$2,187.75",
      "picture": "http://placehold.it/32x32",
      "age": 21,
      "eyeColor": "green",
      "name": "Delgado Sellers",
      "gender": "male",
      "company": "BOVIS",
      "email": "delgadosellers@bovis.com",
      "phone": "+1 (890) 582-3211"
    },
    {
      "_id": "5bfc019c164d982f50df3a59",
      "index": 15,
      "guid": "efc04d86-3d46-435d-a554-fe4bbc36733c",
      "isActive": true,
      "balance": "$2,809.95",
      "picture": "http://placehold.it/32x32",
      "age": 28,
      "eyeColor": "blue",
      "name": "Bartlett Battle",
      "gender": "male",
      "company": "FUTURITY",
      "email": "bartlettbattle@futurity.com",
      "phone": "+1 (848) 531-3270"
    },
    {
      "_id": "5bfc019c8a813ff722b719d4",
      "index": 16,
      "guid": "12134df3-6816-4ab7-8a05-dc5158fd2c0f",
      "isActive": true,
      "balance": "$1,728.37",
      "picture": "http://placehold.it/32x32",
      "age": 36,
      "eyeColor": "green",
      "name": "Schmidt Lindsey",
      "gender": "male",
      "company": "KOG",
      "email": "schmidtlindsey@kog.com",
      "phone": "+1 (970) 418-3162"
    },
    {
      "_id": "5bfc019cf1c1014497cbbe6c",
      "index": 17,
      "guid": "021cec9a-9cb9-4929-87ec-af22d99467bb",
      "isActive": true,
      "balance": "$3,916.44",
      "picture": "http://placehold.it/32x32",
      "age": 27,
      "eyeColor": "brown",
      "name": "Stacy Park",
      "gender": "female",
      "company": "EARTHWAX",
      "email": "stacypark@earthwax.com",
      "phone": "+1 (921) 420-2021"
    },
    {
      "_id": "5bfc019c235ca4e7bb9945e4",
      "index": 18,
      "guid": "97769323-be07-4615-8b71-c8ca54b17813",
      "isActive": true,
      "balance": "$1,183.71",
      "picture": "http://placehold.it/32x32",
      "age": 26,
      "eyeColor": "brown",
      "name": "Joseph Keith",
      "gender": "male",
      "company": "BICOL",
      "email": "josephkeith@bicol.com",
      "phone": "+1 (984) 452-3653"
    },
    {
      "_id": "5bfc019cdf8e2aa37387d534",
      "index": 19,
      "guid": "b3ff1d13-97bb-4ccb-a6bc-f2a917a4c139",
      "isActive": true,
      "balance": "$1,112.88",
      "picture": "http://placehold.it/32x32",
      "age": 27,
      "eyeColor": "brown",
      "name": "Anne Blankenship",
      "gender": "female",
      "company": "SUREPLEX",
      "email": "anneblankenship@sureplex.com",
      "phone": "+1 (921) 527-3348"
    },
    {
      "_id": "5bfc019cdfaa9bb7f9ea354c",
      "index": 20,
      "guid": "8fe7c8ba-3683-4c5d-8aaa-8362cc3fd94a",
      "isActive": true,
      "balance": "$1,758.12",
      "picture": "http://placehold.it/32x32",
      "age": 37,
      "eyeColor": "brown",
      "name": "Dianna Bean",
      "gender": "female",
      "company": "SPORTAN",
      "email": "diannabean@sportan.com",
      "phone": "+1 (892) 423-3392"
    },
    {
      "_id": "5bfc019ce9f637d91a97ff3b",
      "index": 21,
      "guid": "58ac16ca-a5ec-4345-8e46-9d125e94077b",
      "isActive": true,
      "balance": "$3,600.80",
      "picture": "http://placehold.it/32x32",
      "age": 29,
      "eyeColor": "green",
      "name": "Carmen Mitchell",
      "gender": "female",
      "company": "EGYPTO",
      "email": "carmenmitchell@egypto.com",
      "phone": "+1 (936) 451-2580"
    },
    {
      "_id": "5bfc019ce3d788e6da5c7caf",
      "index": 22,
      "guid": "d4e461dc-855a-4cbb-b52b-5128e6db5dca",
      "isActive": true,
      "balance": "$2,064.24",
      "picture": "http://placehold.it/32x32",
      "age": 36,
      "eyeColor": "green",
      "name": "Helene Lindsay",
      "gender": "female",
      "company": "ZEDALIS",
      "email": "helenelindsay@zedalis.com",
      "phone": "+1 (818) 453-3815"
    },
    {
      "_id": "5bfc019c4f462b4e7b202f60",
      "index": 23,
      "guid": "6eadab43-67f1-46bd-80c0-4e8bed754993",
      "isActive": false,
      "balance": "$2,570.97",
      "picture": "http://placehold.it/32x32",
      "age": 31,
      "eyeColor": "green",
      "name": "Carter Gill",
      "gender": "male",
      "company": "ZAPPIX",
      "email": "cartergill@zappix.com",
      "phone": "+1 (813) 462-2371"
    },
    {
      "_id": "5bfc019c9e4da8cfa1f46a2c",
      "index": 24,
      "guid": "924640d8-a826-4434-948c-82e78bf9cdad",
      "isActive": true,
      "balance": "$3,426.07",
      "picture": "http://placehold.it/32x32",
      "age": 20,
      "eyeColor": "blue",
      "name": "Burris Whitney",
      "gender": "male",
      "company": "ARCHITAX",
      "email": "burriswhitney@architax.com",
      "phone": "+1 (832) 550-3003"
    },
    {
      "_id": "5bfc019ce91241148affa043",
      "index": 25,
      "guid": "f1544765-fb89-4ac2-883f-51abc79440c2",
      "isActive": false,
      "balance": "$2,382.45",
      "picture": "http://placehold.it/32x32",
      "age": 32,
      "eyeColor": "green",
      "name": "Georgia Dickerson",
      "gender": "female",
      "company": "DANCITY",
      "email": "georgiadickerson@dancity.com",
      "phone": "+1 (956) 409-3372"
    },
    {
      "_id": "5bfc019c390b0e3c4c5a8b43",
      "index": 26,
      "guid": "9513d523-34c9-4f2d-9f6e-b088f0598f1f",
      "isActive": true,
      "balance": "$2,563.46",
      "picture": "http://placehold.it/32x32",
      "age": 25,
      "eyeColor": "brown",
      "name": "Bertie Haynes",
      "gender": "female",
      "company": "PYRAMAX",
      "email": "bertiehaynes@pyramax.com",
      "phone": "+1 (965) 560-2118"
    },
    {
      "_id": "5bfc019ce2c89869c8bc8ffb",
      "index": 27,
      "guid": "25021612-3235-437b-a2b6-4da320b3fb7e",
      "isActive": false,
      "balance": "$1,856.96",
      "picture": "http://placehold.it/32x32",
      "age": 33,
      "eyeColor": "blue",
      "name": "Consuelo Dale",
      "gender": "female",
      "company": "NIQUENT",
      "email": "consuelodale@niquent.com",
      "phone": "+1 (965) 438-3450"
    },
    {
      "_id": "5bfc019c5b0b4df833563b8d",
      "index": 28,
      "guid": "68f835ea-0a03-4ca0-aad5-d54c3a3da520",
      "isActive": true,
      "balance": "$3,542.04",
      "picture": "http://placehold.it/32x32",
      "age": 24,
      "eyeColor": "blue",
      "name": "Norris Whitley",
      "gender": "male",
      "company": "MARTGO",
      "email": "norriswhitley@martgo.com",
      "phone": "+1 (967) 469-2045"
    },
    {
      "_id": "5bfc019c98e05720d373c4e8",
      "index": 29,
      "guid": "d670fec5-28f0-4316-ab69-2aae4451183c",
      "isActive": true,
      "balance": "$2,413.33",
      "picture": "http://placehold.it/32x32",
      "age": 36,
      "eyeColor": "green",
      "name": "Stanley Garner",
      "gender": "male",
      "company": "ISOLOGICA",
      "email": "stanleygarner@isologica.com",
      "phone": "+1 (872) 517-3464"
    },
    {
      "_id": "5bfc019ce3d4d13527e8e5c5",
      "index": 30,
      "guid": "312b9f94-2235-4d61-a908-2901829fc1f2",
      "isActive": false,
      "balance": "$3,807.94",
      "picture": "http://placehold.it/32x32",
      "age": 28,
      "eyeColor": "blue",
      "name": "Kristin Webb",
      "gender": "female",
      "company": "BIOTICA",
      "email": "kristinwebb@biotica.com",
      "phone": "+1 (883) 526-3329"
    },
    {
      "_id": "5bfc019c9594075c18eb799b",
      "index": 31,
      "guid": "efac1eb7-ae4c-48ce-9831-a2607bfa434f",
      "isActive": false,
      "balance": "$2,483.46",
      "picture": "http://placehold.it/32x32",
      "age": 34,
      "eyeColor": "green",
      "name": "Daphne Salinas",
      "gender": "female",
      "company": "ISOSTREAM",
      "email": "daphnesalinas@isostream.com",
      "phone": "+1 (827) 419-2985"
    },
    {
      "_id": "5bfc019c6c10a4030adf48fa",
      "index": 32,
      "guid": "7f1e288a-91bd-4130-a29f-a655a3b41581",
      "isActive": true,
      "balance": "$1,862.17",
      "picture": "http://placehold.it/32x32",
      "age": 39,
      "eyeColor": "brown",
      "name": "Dolly Mcdaniel",
      "gender": "female",
      "company": "PHOLIO",
      "email": "dollymcdaniel@pholio.com",
      "phone": "+1 (827) 410-2095"
    },
    {
      "_id": "5bfc019c86c31fa53d1f47cf",
      "index": 33,
      "guid": "ee53c640-717a-4f1f-ac2d-e28c3c7e6900",
      "isActive": true,
      "balance": "$2,334.66",
      "picture": "http://placehold.it/32x32",
      "age": 21,
      "eyeColor": "green",
      "name": "Della Hoover",
      "gender": "female",
      "company": "UNISURE",
      "email": "dellahoover@unisure.com",
      "phone": "+1 (967) 445-2748"
    },
    {
      "_id": "5bfc019cf36903a5ed937a8a",
      "index": 34,
      "guid": "6914340e-2967-4da1-905a-45ab096bb4e3",
      "isActive": false,
      "balance": "$3,063.80",
      "picture": "http://placehold.it/32x32",
      "age": 36,
      "eyeColor": "green",
      "name": "Silvia Griffith",
      "gender": "female",
      "company": "ZILLIDIUM",
      "email": "silviagriffith@zillidium.com",
      "phone": "+1 (948) 419-2581"
    },
    {
      "_id": "5bfc019cf4a63c5f5bfbe0fa",
      "index": 35,
      "guid": "9cd1fb47-7eb1-4057-b819-167e5e8246fa",
      "isActive": true,
      "balance": "$3,824.40",
      "picture": "http://placehold.it/32x32",
      "age": 32,
      "eyeColor": "green",
      "name": "Lenore Huff",
      "gender": "female",
      "company": "IMKAN",
      "email": "lenorehuff@imkan.com",
      "phone": "+1 (890) 493-3557"
    },
    {
      "_id": "5bfc019cd390dddabb2f80e7",
      "index": 36,
      "guid": "2820150b-0e43-47ca-8e40-cef0769928a3",
      "isActive": false,
      "balance": "$2,848.99",
      "picture": "http://placehold.it/32x32",
      "age": 33,
      "eyeColor": "blue",
      "name": "Myra Griffin",
      "gender": "female",
      "company": "NETROPIC",
      "email": "myragriffin@netropic.com",
      "phone": "+1 (917) 526-3945"
    },
    {
      "_id": "5bfc019c8a73f104e2d0d39c",
      "index": 37,
      "guid": "17b8784d-51f7-4533-b8d7-6006d7d7f53b",
      "isActive": false,
      "balance": "$3,004.06",
      "picture": "http://placehold.it/32x32",
      "age": 25,
      "eyeColor": "blue",
      "name": "Pruitt Wolfe",
      "gender": "male",
      "company": "EQUICOM",
      "email": "pruittwolfe@equicom.com",
      "phone": "+1 (942) 473-3963"
    },
    {
      "_id": "5bfc019cd6a9bbed8b6e332c",
      "index": 38,
      "guid": "23c9e5f7-f8fb-442f-a159-5611700bfce6",
      "isActive": true,
      "balance": "$2,684.16",
      "picture": "http://placehold.it/32x32",
      "age": 36,
      "eyeColor": "blue",
      "name": "Vivian Kent",
      "gender": "female",
      "company": "QUILM",
      "email": "viviankent@quilm.com",
      "phone": "+1 (865) 475-2117"
    },
    {
      "_id": "5bfc019cce495596548429a1",
      "index": 39,
      "guid": "90758218-b91a-4ee3-919a-f3b2fc3d7deb",
      "isActive": true,
      "balance": "$3,679.54",
      "picture": "http://placehold.it/32x32",
      "age": 20,
      "eyeColor": "blue",
      "name": "Rowena Santana",
      "gender": "female",
      "company": "DANCERITY",
      "email": "rowenasantana@dancerity.com",
      "phone": "+1 (962) 562-2600"
    },
    {
      "_id": "5bfc019c9a0408235961a07b",
      "index": 40,
      "guid": "04292816-011b-4e9a-883f-b30706c12835",
      "isActive": false,
      "balance": "$1,930.93",
      "picture": "http://placehold.it/32x32",
      "age": 27,
      "eyeColor": "green",
      "name": "Fleming Flynn",
      "gender": "male",
      "company": "QUARMONY",
      "email": "flemingflynn@quarmony.com",
      "phone": "+1 (933) 420-2585"
    },
    {
      "_id": "5bfc019cf557b9f0343f2417",
      "index": 41,
      "guid": "e1efab4b-5c4a-4df4-b826-d411d40cc2b0",
      "isActive": false,
      "balance": "$2,214.77",
      "picture": "http://placehold.it/32x32",
      "age": 33,
      "eyeColor": "green",
      "name": "Nola Knapp",
      "gender": "female",
      "company": "INTERGEEK",
      "email": "nolaknapp@intergeek.com",
      "phone": "+1 (827) 479-3725"
    },
    {
      "_id": "5bfc019c3735f9ec0d83785f",
      "index": 42,
      "guid": "b487a1ec-0226-447f-9c02-24a0e0016b17",
      "isActive": false,
      "balance": "$2,946.83",
      "picture": "http://placehold.it/32x32",
      "age": 25,
      "eyeColor": "brown",
      "name": "Mayer Velazquez",
      "gender": "male",
      "company": "VORATAK",
      "email": "mayervelazquez@voratak.com",
      "phone": "+1 (995) 432-2027"
    },
    {
      "_id": "5bfc019ca1f3d21e7eb6db26",
      "index": 43,
      "guid": "01849327-9bea-4235-85d8-2bd6e4d2b99b",
      "isActive": true,
      "balance": "$1,138.09",
      "picture": "http://placehold.it/32x32",
      "age": 33,
      "eyeColor": "green",
      "name": "Ester Espinoza",
      "gender": "female",
      "company": "ZOUNDS",
      "email": "esterespinoza@zounds.com",
      "phone": "+1 (820) 536-3751"
    },
    {
      "_id": "5bfc019c64af9e39d0194e89",
      "index": 44,
      "guid": "a17fdc8e-e9f5-4798-99f4-f2229534d1a7",
      "isActive": false,
      "balance": "$3,423.16",
      "picture": "http://placehold.it/32x32",
      "age": 26,
      "eyeColor": "brown",
      "name": "Sharpe Rogers",
      "gender": "male",
      "company": "ZILLANET",
      "email": "sharperogers@zillanet.com",
      "phone": "+1 (805) 559-2349"
    },
    {
      "_id": "5bfc019c7f0a234d6364784c",
      "index": 45,
      "guid": "4de6380d-5784-42f8-9cb8-b87005b0c7d3",
      "isActive": true,
      "balance": "$1,072.36",
      "picture": "http://placehold.it/32x32",
      "age": 36,
      "eyeColor": "green",
      "name": "Maxwell Campos",
      "gender": "male",
      "company": "ACLIMA",
      "email": "maxwellcampos@aclima.com",
      "phone": "+1 (964) 479-3118"
    },
    {
      "_id": "5bfc019c0f1846931615335b",
      "index": 46,
      "guid": "61a3ff2f-ae0c-41de-995b-d3bdf43b45a0",
      "isActive": true,
      "balance": "$3,219.92",
      "picture": "http://placehold.it/32x32",
      "age": 20,
      "eyeColor": "blue",
      "name": "Keller Green",
      "gender": "male",
      "company": "FURNAFIX",
      "email": "kellergreen@furnafix.com",
      "phone": "+1 (925) 591-2080"
    },
    {
      "_id": "5bfc019c71119871217b95c7",
      "index": 47,
      "guid": "071225f1-e878-4ba4-a206-560c0d974cef",
      "isActive": true,
      "balance": "$2,273.78",
      "picture": "http://placehold.it/32x32",
      "age": 32,
      "eyeColor": "blue",
      "name": "Audrey Mayer",
      "gender": "female",
      "company": "INDEXIA",
      "email": "audreymayer@indexia.com",
      "phone": "+1 (954) 491-3617"
    },
    {
      "_id": "5bfc019ccff67dc9866a9482",
      "index": 48,
      "guid": "b1f12deb-7d85-4169-8a21-94a34696f8db",
      "isActive": false,
      "balance": "$3,990.62",
      "picture": "http://placehold.it/32x32",
      "age": 24,
      "eyeColor": "brown",
      "name": "Tammie Newman",
      "gender": "female",
      "company": "ONTAGENE",
      "email": "tammienewman@ontagene.com",
      "phone": "+1 (888) 570-2839"
    },
    {
      "_id": "5bfc019ce587410a212a7ab7",
      "index": 49,
      "guid": "4fcf3b38-70a8-469c-ba19-e229e3c378e1",
      "isActive": false,
      "balance": "$1,145.53",
      "picture": "http://placehold.it/32x32",
      "age": 23,
      "eyeColor": "blue",
      "name": "Meredith Osborne",
      "gender": "female",
      "company": "EXODOC",
      "email": "meredithosborne@exodoc.com",
      "phone": "+1 (990) 520-3478"
    },
    {
      "_id": "5bfc019cf5b7ec3c821f4280",
      "index": 50,
      "guid": "529ce36e-fbfb-4df8-9bad-abb762bdbe4d",
      "isActive": false,
      "balance": "$3,795.86",
      "picture": "http://placehold.it/32x32",
      "age": 34,
      "eyeColor": "blue",
      "name": "Knight Buchanan",
      "gender": "male",
      "company": "GEEKUS",
      "email": "knightbuchanan@geekus.com",
      "phone": "+1 (964) 552-3887"
    },
    {
      "_id": "5bfc019cfbd1e608fb8f1ec4",
      "index": 51,
      "guid": "4f711b85-1595-4e73-aac0-b2ad5db9c391",
      "isActive": true,
      "balance": "$2,652.70",
      "picture": "http://placehold.it/32x32",
      "age": 20,
      "eyeColor": "brown",
      "name": "Ramona Cash",
      "gender": "female",
      "company": "AQUAMATE",
      "email": "ramonacash@aquamate.com",
      "phone": "+1 (938) 459-3183"
    },
    {
      "_id": "5bfc019c93c53bd5325f1120",
      "index": 52,
      "guid": "e8483299-fb93-4446-973f-6aceb2d5c11d",
      "isActive": true,
      "balance": "$3,963.19",
      "picture": "http://placehold.it/32x32",
      "age": 24,
      "eyeColor": "blue",
      "name": "Vargas Washington",
      "gender": "male",
      "company": "GLOBOIL",
      "email": "vargaswashington@globoil.com",
      "phone": "+1 (951) 600-2116"
    },
    {
      "_id": "5bfc019cb79407b60da59ca8",
      "index": 53,
      "guid": "05807e35-8d14-4dd2-9b61-9caebd5b5550",
      "isActive": false,
      "balance": "$2,229.22",
      "picture": "http://placehold.it/32x32",
      "age": 37,
      "eyeColor": "green",
      "name": "Dale Best",
      "gender": "male",
      "company": "ZILLA",
      "email": "dalebest@zilla.com",
      "phone": "+1 (995) 490-3232"
    },
    {
      "_id": "5bfc019cca373e0ad6dce78b",
      "index": 54,
      "guid": "9b691b39-3a7a-4d98-8951-dcd6763a2d97",
      "isActive": false,
      "balance": "$2,012.81",
      "picture": "http://placehold.it/32x32",
      "age": 25,
      "eyeColor": "brown",
      "name": "Shirley Summers",
      "gender": "female",
      "company": "RADIANTIX",
      "email": "shirleysummers@radiantix.com",
      "phone": "+1 (828) 438-3843"
    },
    {
      "_id": "5bfc019c53b8af299dcfff12",
      "index": 55,
      "guid": "3e0e7b45-8074-4910-8a33-06803b7d43a8",
      "isActive": true,
      "balance": "$3,665.37",
      "picture": "http://placehold.it/32x32",
      "age": 30,
      "eyeColor": "brown",
      "name": "Toni Smith",
      "gender": "female",
      "company": "COWTOWN",
      "email": "tonismith@cowtown.com",
      "phone": "+1 (969) 492-3825"
    },
    {
      "_id": "5bfc019cb8f573ec3e4a52c5",
      "index": 56,
      "guid": "fcfcc4cd-5d8a-4a73-8a4f-cf8462b0e18b",
      "isActive": true,
      "balance": "$1,936.41",
      "picture": "http://placehold.it/32x32",
      "age": 21,
      "eyeColor": "blue",
      "name": "Rosanna Cain",
      "gender": "female",
      "company": "TALAE",
      "email": "rosannacain@talae.com",
      "phone": "+1 (895) 531-3864"
    },
    {
      "_id": "5bfc019c673ffa9e62013a82",
      "index": 57,
      "guid": "d56d9b03-7a57-496d-b604-ad6c7c18d429",
      "isActive": true,
      "balance": "$3,508.31",
      "picture": "http://placehold.it/32x32",
      "age": 22,
      "eyeColor": "blue",
      "name": "Chan Ratliff",
      "gender": "male",
      "company": "ZENSOR",
      "email": "chanratliff@zensor.com",
      "phone": "+1 (956) 455-3734"
    },
    {
      "_id": "5bfc019ce25715e020a98429",
      "index": 58,
      "guid": "b5a187ac-cc5b-4ed2-9292-cf7b8d97bf84",
      "isActive": false,
      "balance": "$2,329.36",
      "picture": "http://placehold.it/32x32",
      "age": 20,
      "eyeColor": "brown",
      "name": "Henderson Stevenson",
      "gender": "male",
      "company": "KROG",
      "email": "hendersonstevenson@krog.com",
      "phone": "+1 (869) 428-3431"
    },
    {
      "_id": "5bfc019cbf7116906391eaf3",
      "index": 59,
      "guid": "7e2f101c-594d-4cf7-b1b5-48d62de1c5ef",
      "isActive": true,
      "balance": "$1,353.18",
      "picture": "http://placehold.it/32x32",
      "age": 33,
      "eyeColor": "green",
      "name": "Mccullough Paul",
      "gender": "male",
      "company": "ANOCHA",
      "email": "mcculloughpaul@anocha.com",
      "phone": "+1 (804) 514-3989"
    },
    {
      "_id": "5bfc019c1bd2e98a80d842b9",
      "index": 60,
      "guid": "f417bc48-f9ab-4c65-84a0-69df04e4bf3b",
      "isActive": true,
      "balance": "$3,269.07",
      "picture": "http://placehold.it/32x32",
      "age": 38,
      "eyeColor": "blue",
      "name": "Grace Vinson",
      "gender": "female",
      "company": "ACCEL",
      "email": "gracevinson@accel.com",
      "phone": "+1 (979) 588-2150"
    },
    {
      "_id": "5bfc019cb1e9506d685ebe44",
      "index": 61,
      "guid": "78b0275f-2bc0-4a83-b3ba-439d7b26b7d5",
      "isActive": true,
      "balance": "$3,179.42",
      "picture": "http://placehold.it/32x32",
      "age": 27,
      "eyeColor": "green",
      "name": "Lamb Chambers",
      "gender": "male",
      "company": "GENEKOM",
      "email": "lambchambers@genekom.com",
      "phone": "+1 (848) 483-2454"
    },
    {
      "_id": "5bfc019c2c73d66073639ae7",
      "index": 62,
      "guid": "766d0c2f-1c46-4784-9d32-2561233ab1ce",
      "isActive": false,
      "balance": "$3,859.72",
      "picture": "http://placehold.it/32x32",
      "age": 33,
      "eyeColor": "blue",
      "name": "Tammy Delgado",
      "gender": "female",
      "company": "MULTRON",
      "email": "tammydelgado@multron.com",
      "phone": "+1 (910) 463-3659"
    },
    {
      "_id": "5bfc019ced12335b05dc980b",
      "index": 63,
      "guid": "14e42a5d-935e-422e-9927-c9c505c72837",
      "isActive": true,
      "balance": "$2,907.49",
      "picture": "http://placehold.it/32x32",
      "age": 28,
      "eyeColor": "blue",
      "name": "Jenna Horn",
      "gender": "female",
      "company": "ZIDANT",
      "email": "jennahorn@zidant.com",
      "phone": "+1 (810) 591-2364"
    },
    {
      "_id": "5bfc019c7cbca90775e7dbff",
      "index": 64,
      "guid": "4a8c36fb-3c39-4c81-8833-fbad063eec1a",
      "isActive": false,
      "balance": "$2,541.49",
      "picture": "http://placehold.it/32x32",
      "age": 38,
      "eyeColor": "brown",
      "name": "Myers Michael",
      "gender": "male",
      "company": "CRUSTATIA",
      "email": "myersmichael@crustatia.com",
      "phone": "+1 (936) 496-2815"
    },
    {
      "_id": "5bfc019cd5d39afd9ba32883",
      "index": 65,
      "guid": "7276eb7a-a1b7-4b02-ab78-e65bc1173d32",
      "isActive": true,
      "balance": "$3,267.15",
      "picture": "http://placehold.it/32x32",
      "age": 30,
      "eyeColor": "blue",
      "name": "Craft Daniels",
      "gender": "male",
      "company": "ISOLOGIA",
      "email": "craftdaniels@isologia.com",
      "phone": "+1 (928) 596-3429"
    },
    {
      "_id": "5bfc019cadf463dbbb2d97dc",
      "index": 66,
      "guid": "6c0eb05a-952f-4804-827b-d4d753e5d21d",
      "isActive": false,
      "balance": "$2,445.22",
      "picture": "http://placehold.it/32x32",
      "age": 26,
      "eyeColor": "brown",
      "name": "Gabriela Gardner",
      "gender": "female",
      "company": "PHEAST",
      "email": "gabrielagardner@pheast.com",
      "phone": "+1 (844) 416-3690"
    },
    {
      "_id": "5bfc019c3f87bbea6f32a605",
      "index": 67,
      "guid": "bed99819-6c3c-4a49-9de7-8c22badc2a04",
      "isActive": false,
      "balance": "$1,546.49",
      "picture": "http://placehold.it/32x32",
      "age": 27,
      "eyeColor": "blue",
      "name": "Deleon Christensen",
      "gender": "male",
      "company": "CAXT",
      "email": "deleonchristensen@caxt.com",
      "phone": "+1 (846) 494-3935"
    },
    {
      "_id": "5bfc019cb6d080ec73d36ea4",
      "index": 68,
      "guid": "6699820f-b7ba-42f7-8bb4-b0dedb99d636",
      "isActive": true,
      "balance": "$3,282.86",
      "picture": "http://placehold.it/32x32",
      "age": 38,
      "eyeColor": "blue",
      "name": "Dudley Ochoa",
      "gender": "male",
      "company": "OZEAN",
      "email": "dudleyochoa@ozean.com",
      "phone": "+1 (970) 467-2471"
    },
    {
      "_id": "5bfc019c1599a8587fa8e4e6",
      "index": 69,
      "guid": "e0d055a4-9570-4f7c-871d-8c73ae4baab1",
      "isActive": true,
      "balance": "$2,577.03",
      "picture": "http://placehold.it/32x32",
      "age": 31,
      "eyeColor": "blue",
      "name": "Natalie Wall",
      "gender": "female",
      "company": "EVENTEX",
      "email": "nataliewall@eventex.com",
      "phone": "+1 (936) 594-2431"
    },
    {
      "_id": "5bfc019c523a189ad8a4357c",
      "index": 70,
      "guid": "af0f0a00-f8ad-4e0e-a569-94164eb144e8",
      "isActive": true,
      "balance": "$2,744.12",
      "picture": "http://placehold.it/32x32",
      "age": 24,
      "eyeColor": "green",
      "name": "Orr Abbott",
      "gender": "male",
      "company": "XOGGLE",
      "email": "orrabbott@xoggle.com",
      "phone": "+1 (920) 456-3331"
    },
    {
      "_id": "5bfc019ced7f9933cc8548e2",
      "index": 71,
      "guid": "ec74290d-ec55-4d01-b351-eff55341714c",
      "isActive": true,
      "balance": "$1,966.72",
      "picture": "http://placehold.it/32x32",
      "age": 20,
      "eyeColor": "blue",
      "name": "Wilder Harmon",
      "gender": "male",
      "company": "INSURITY",
      "email": "wilderharmon@insurity.com",
      "phone": "+1 (927) 432-2966"
    },
    {
      "_id": "5bfc019cd26776030c209d3f",
      "index": 72,
      "guid": "2e85d49c-18a8-4d56-98e7-5085ca090c86",
      "isActive": false,
      "balance": "$1,928.54",
      "picture": "http://placehold.it/32x32",
      "age": 35,
      "eyeColor": "blue",
      "name": "Woods Davidson",
      "gender": "male",
      "company": "JAMNATION",
      "email": "woodsdavidson@jamnation.com",
      "phone": "+1 (843) 586-2487"
    },
    {
      "_id": "5bfc019c582652f1d7f79de2",
      "index": 73,
      "guid": "e5053dfb-9d72-4898-9a89-4b23e64ca883",
      "isActive": false,
      "balance": "$2,353.44",
      "picture": "http://placehold.it/32x32",
      "age": 24,
      "eyeColor": "brown",
      "name": "Molina Serrano",
      "gender": "male",
      "company": "RONELON",
      "email": "molinaserrano@ronelon.com",
      "phone": "+1 (821) 437-3699"
    },
    {
      "_id": "5bfc019c5e0de5b53077de3e",
      "index": 74,
      "guid": "a46c0913-84f1-4f4f-bc68-93fbb3882251",
      "isActive": false,
      "balance": "$1,937.83",
      "picture": "http://placehold.it/32x32",
      "age": 21,
      "eyeColor": "blue",
      "name": "Stella Sharpe",
      "gender": "female",
      "company": "TALKALOT",
      "email": "stellasharpe@talkalot.com",
      "phone": "+1 (830) 490-2604"
    },
    {
      "_id": "5bfc019c5c234e5ce6837b6e",
      "index": 75,
      "guid": "d0f70054-f894-412d-93ce-4e0bb2143f75",
      "isActive": false,
      "balance": "$2,371.49",
      "picture": "http://placehold.it/32x32",
      "age": 39,
      "eyeColor": "blue",
      "name": "Isabelle Odonnell",
      "gender": "female",
      "company": "AEORA",
      "email": "isabelleodonnell@aeora.com",
      "phone": "+1 (947) 507-2830"
    },
    {
      "_id": "5bfc019c67aaf54eb5eefdc5",
      "index": 76,
      "guid": "6519cab1-a665-428e-8b50-46535c7714f1",
      "isActive": true,
      "balance": "$2,115.68",
      "picture": "http://placehold.it/32x32",
      "age": 26,
      "eyeColor": "blue",
      "name": "Loraine Mathis",
      "gender": "female",
      "company": "MOREGANIC",
      "email": "lorainemathis@moreganic.com",
      "phone": "+1 (879) 523-2064"
    },
    {
      "_id": "5bfc019cbc2b0c8005468ee6",
      "index": 77,
      "guid": "383bb3a9-4f8a-4841-b6c3-417ae66f1d7f",
      "isActive": true,
      "balance": "$3,247.48",
      "picture": "http://placehold.it/32x32",
      "age": 39,
      "eyeColor": "blue",
      "name": "Williams Dillard",
      "gender": "male",
      "company": "DAIDO",
      "email": "williamsdillard@daido.com",
      "phone": "+1 (931) 594-3648"
    },
    {
      "_id": "5bfc019cf3bae3b5f2ac7cce",
      "index": 78,
      "guid": "3de6341d-f95e-479a-828b-28c80d62492b",
      "isActive": true,
      "balance": "$1,314.41",
      "picture": "http://placehold.it/32x32",
      "age": 37,
      "eyeColor": "brown",
      "name": "Luisa Ferrell",
      "gender": "female",
      "company": "MEDIFAX",
      "email": "luisaferrell@medifax.com",
      "phone": "+1 (952) 414-3161"
    },
    {
      "_id": "5bfc019c5d16aa1f477324df",
      "index": 79,
      "guid": "97f0438a-f505-42d2-9c1d-bfaca543cbdd",
      "isActive": false,
      "balance": "$2,120.73",
      "picture": "http://placehold.it/32x32",
      "age": 26,
      "eyeColor": "brown",
      "name": "Marilyn Harris",
      "gender": "female",
      "company": "ENTHAZE",
      "email": "marilynharris@enthaze.com",
      "phone": "+1 (880) 512-3931"
    },
    {
      "_id": "5bfc019ca45ff5a7f7d56a84",
      "index": 80,
      "guid": "8f2671f6-73f1-44a3-ad7f-e3671e19744c",
      "isActive": false,
      "balance": "$2,374.70",
      "picture": "http://placehold.it/32x32",
      "age": 32,
      "eyeColor": "brown",
      "name": "Selena Hebert",
      "gender": "female",
      "company": "NEPTIDE",
      "email": "selenahebert@neptide.com",
      "phone": "+1 (913) 442-2674"
    },
    {
      "_id": "5bfc019c7340985b48d84402",
      "index": 81,
      "guid": "495f78ee-1e9e-4a1a-ac01-5fb37efacc23",
      "isActive": true,
      "balance": "$1,953.26",
      "picture": "http://placehold.it/32x32",
      "age": 25,
      "eyeColor": "blue",
      "name": "Casandra Walter",
      "gender": "female",
      "company": "ZOXY",
      "email": "casandrawalter@zoxy.com",
      "phone": "+1 (828) 484-3390"
    },
    {
      "_id": "5bfc019c0d5c25b0ad54209e",
      "index": 82,
      "guid": "975a25ea-bdc1-4349-b1ca-467d7c07d88c",
      "isActive": false,
      "balance": "$1,381.24",
      "picture": "http://placehold.it/32x32",
      "age": 24,
      "eyeColor": "green",
      "name": "Nannie Mckenzie",
      "gender": "female",
      "company": "ENTROPIX",
      "email": "nanniemckenzie@entropix.com",
      "phone": "+1 (954) 487-3072"
    },
    {
      "_id": "5bfc019cbc9aa0d238eb7717",
      "index": 83,
      "guid": "8084865b-9e5a-49ec-8d57-a80d8d39cd51",
      "isActive": false,
      "balance": "$1,329.01",
      "picture": "http://placehold.it/32x32",
      "age": 30,
      "eyeColor": "blue",
      "name": "Hinton Farmer",
      "gender": "male",
      "company": "TERSANKI",
      "email": "hintonfarmer@tersanki.com",
      "phone": "+1 (848) 440-2910"
    },
    {
      "_id": "5bfc019c8fdb3a497fc1591f",
      "index": 84,
      "guid": "de9ecc0b-0117-445b-818c-db9d7f981a16",
      "isActive": true,
      "balance": "$3,605.25",
      "picture": "http://placehold.it/32x32",
      "age": 26,
      "eyeColor": "green",
      "name": "Riddle Moreno",
      "gender": "male",
      "company": "SPRINGBEE",
      "email": "riddlemoreno@springbee.com",
      "phone": "+1 (882) 468-2690"
    },
    {
      "_id": "5bfc019c86ebe99b85f9a9d6",
      "index": 85,
      "guid": "1efaf989-d57a-44e2-ac42-f4d63a247a96",
      "isActive": true,
      "balance": "$1,653.58",
      "picture": "http://placehold.it/32x32",
      "age": 25,
      "eyeColor": "blue",
      "name": "Nona Mueller",
      "gender": "female",
      "company": "DIGIGEN",
      "email": "nonamueller@digigen.com",
      "phone": "+1 (844) 437-3421"
    },
    {
      "_id": "5bfc019c258339352855a3c2",
      "index": 86,
      "guid": "765e3bcb-370b-492c-bb65-a6c6aea75268",
      "isActive": false,
      "balance": "$3,558.45",
      "picture": "http://placehold.it/32x32",
      "age": 40,
      "eyeColor": "blue",
      "name": "Dalton Wolf",
      "gender": "male",
      "company": "KRAGGLE",
      "email": "daltonwolf@kraggle.com",
      "phone": "+1 (811) 543-2969"
    },
    {
      "_id": "5bfc019c8a3c5cf4c5e320fd",
      "index": 87,
      "guid": "deb212e4-21d2-4e18-a753-9db21704f6b4",
      "isActive": false,
      "balance": "$2,192.31",
      "picture": "http://placehold.it/32x32",
      "age": 34,
      "eyeColor": "brown",
      "name": "Lewis Simmons",
      "gender": "male",
      "company": "KENEGY",
      "email": "lewissimmons@kenegy.com",
      "phone": "+1 (844) 563-2257"
    },
    {
      "_id": "5bfc019c34013502bc505852",
      "index": 88,
      "guid": "4b9cc012-9594-4b43-a55b-ed9375f79a3f",
      "isActive": false,
      "balance": "$1,607.22",
      "picture": "http://placehold.it/32x32",
      "age": 36,
      "eyeColor": "green",
      "name": "Millie Warner",
      "gender": "female",
      "company": "CHILLIUM",
      "email": "milliewarner@chillium.com",
      "phone": "+1 (860) 522-2770"
    },
    {
      "_id": "5bfc019cc86ae1f8012f2f2d",
      "index": 89,
      "guid": "c2c27388-f45d-416a-95d1-4be3a75502e0",
      "isActive": false,
      "balance": "$3,172.55",
      "picture": "http://placehold.it/32x32",
      "age": 30,
      "eyeColor": "brown",
      "name": "Blevins Dorsey",
      "gender": "male",
      "company": "EMTRAC",
      "email": "blevinsdorsey@emtrac.com",
      "phone": "+1 (827) 518-2227"
    },
    {
      "_id": "5bfc019cc6fcd7c0a3bdbe17",
      "index": 90,
      "guid": "64e594d0-5c25-41c5-b7af-18c797c1df5d",
      "isActive": true,
      "balance": "$2,098.94",
      "picture": "http://placehold.it/32x32",
      "age": 35,
      "eyeColor": "green",
      "name": "Sharon Whitehead",
      "gender": "female",
      "company": "LYRIA",
      "email": "sharonwhitehead@lyria.com",
      "phone": "+1 (974) 587-2210"
    },
    {
      "_id": "5bfc019c5616f9488e4b7a11",
      "index": 91,
      "guid": "4d31d8d9-5b61-4bfc-a042-872f7c065988",
      "isActive": false,
      "balance": "$1,464.36",
      "picture": "http://placehold.it/32x32",
      "age": 38,
      "eyeColor": "green",
      "name": "Booker Barrera",
      "gender": "male",
      "company": "OPTYK",
      "email": "bookerbarrera@optyk.com",
      "phone": "+1 (969) 571-3883"
    },
    {
      "_id": "5bfc019c2bdf093a950635e2",
      "index": 92,
      "guid": "d4bf5906-0a0a-40ef-9eff-2569c3fbb2b8",
      "isActive": false,
      "balance": "$3,659.72",
      "picture": "http://placehold.it/32x32",
      "age": 27,
      "eyeColor": "brown",
      "name": "Madelyn Russell",
      "gender": "female",
      "company": "ESCENTA",
      "email": "madelynrussell@escenta.com",
      "phone": "+1 (947) 578-2686"
    },
    {
      "_id": "5bfc019cc783011c9cb2151c",
      "index": 93,
      "guid": "d8be5925-c801-4610-9c3f-d702a6e8746c",
      "isActive": true,
      "balance": "$3,923.33",
      "picture": "http://placehold.it/32x32",
      "age": 24,
      "eyeColor": "brown",
      "name": "Atkinson King",
      "gender": "male",
      "company": "FARMAGE",
      "email": "atkinsonking@farmage.com",
      "phone": "+1 (930) 524-2872"
    },
    {
      "_id": "5bfc019cf71553615fbb4ac3",
      "index": 94,
      "guid": "c3aec272-12ad-4b26-bc13-474d556374b8",
      "isActive": true,
      "balance": "$3,121.59",
      "picture": "http://placehold.it/32x32",
      "age": 28,
      "eyeColor": "blue",
      "name": "Eula Hanson",
      "gender": "female",
      "company": "PLAYCE",
      "email": "eulahanson@playce.com",
      "phone": "+1 (841) 432-2421"
    },
    {
      "_id": "5bfc019c2792f4bdf725ed53",
      "index": 95,
      "guid": "c73b9856-3860-4f7c-8ebd-4842ca7ad758",
      "isActive": true,
      "balance": "$1,878.48",
      "picture": "http://placehold.it/32x32",
      "age": 21,
      "eyeColor": "blue",
      "name": "Emerson Yates",
      "gender": "male",
      "company": "STROZEN",
      "email": "emersonyates@strozen.com",
      "phone": "+1 (983) 403-3650"
    },
    {
      "_id": "5bfc019c7a8c2981d64a704c",
      "index": 96,
      "guid": "3bbd861a-33f9-4c6b-b5f8-6580682f1dd0",
      "isActive": false,
      "balance": "$1,477.34",
      "picture": "http://placehold.it/32x32",
      "age": 25,
      "eyeColor": "brown",
      "name": "Mayra Mercado",
      "gender": "female",
      "company": "LOTRON",
      "email": "mayramercado@lotron.com",
      "phone": "+1 (839) 530-2494"
    },
    {
      "_id": "5bfc019c61d3b756ae038b9c",
      "index": 97,
      "guid": "21161a3f-7da3-4e08-920f-f57688f2727e",
      "isActive": false,
      "balance": "$1,986.05",
      "picture": "http://placehold.it/32x32",
      "age": 40,
      "eyeColor": "green",
      "name": "Dianne Duran",
      "gender": "female",
      "company": "TROPOLIS",
      "email": "dianneduran@tropolis.com",
      "phone": "+1 (999) 460-2120"
    },
    {
      "_id": "5bfc019cc938e4b9d3a8d66b",
      "index": 98,
      "guid": "b783121f-e83f-4a0f-9155-fc5028f02673",
      "isActive": true,
      "balance": "$2,124.71",
      "picture": "http://placehold.it/32x32",
      "age": 36,
      "eyeColor": "green",
      "name": "Mccormick French",
      "gender": "male",
      "company": "GEEKULAR",
      "email": "mccormickfrench@geekular.com",
      "phone": "+1 (936) 558-3557"
    },
    {
      "_id": "5bfc019cc7d703b069c00b0c",
      "index": 99,
      "guid": "ccfe7d2f-552d-4b31-890f-f42cd43a5f59",
      "isActive": true,
      "balance": "$1,784.37",
      "picture": "http://placehold.it/32x32",
      "age": 27,
      "eyeColor": "blue",
      "name": "Blackburn Pugh",
      "gender": "male",
      "company": "QUILCH",
      "email": "blackburnpugh@quilch.com",
      "phone": "+1 (897) 545-3557"
    },
    {
      "_id": "5bfc019ce971e1c3ff001c90",
      "index": 100,
      "guid": "c9450d52-9a29-4766-8f50-5ef5e3512ca7",
      "isActive": true,
      "balance": "$1,177.80",
      "picture": "http://placehold.it/32x32",
      "age": 40,
      "eyeColor": "blue",
      "name": "Mcintosh Ellison",
      "gender": "male",
      "company": "CIPROMOX",
      "email": "mcintoshellison@cipromox.com",
      "phone": "+1 (825) 596-2660"
    },
    {
      "_id": "5bfc019c7b28297178f88cac",
      "index": 101,
      "guid": "62395444-78e2-4596-9e34-2990de15c609",
      "isActive": true,
      "balance": "$3,573.34",
      "picture": "http://placehold.it/32x32",
      "age": 25,
      "eyeColor": "blue",
      "name": "Ford Reeves",
      "gender": "male",
      "company": "ZOARERE",
      "email": "fordreeves@zoarere.com",
      "phone": "+1 (962) 422-3117"
    },
    {
      "_id": "5bfc019c681ebc87052d8048",
      "index": 102,
      "guid": "75ffc9b3-8ba5-4edb-a7b2-1aafbc0aa90a",
      "isActive": false,
      "balance": "$1,851.64",
      "picture": "http://placehold.it/32x32",
      "age": 40,
      "eyeColor": "blue",
      "name": "Saundra Guerra",
      "gender": "female",
      "company": "DOGSPA",
      "email": "saundraguerra@dogspa.com",
      "phone": "+1 (897) 542-3721"
    },
    {
      "_id": "5bfc019c997f117eac3e1997",
      "index": 103,
      "guid": "26d5600d-6c3c-4a7f-9109-ce6b3dd777fb",
      "isActive": true,
      "balance": "$2,961.94",
      "picture": "http://placehold.it/32x32",
      "age": 25,
      "eyeColor": "brown",
      "name": "Lindsey Berg",
      "gender": "female",
      "company": "DUOFLEX",
      "email": "lindseyberg@duoflex.com",
      "phone": "+1 (937) 525-3452"
    },
    {
      "_id": "5bfc019cf72481234d5c9ac6",
      "index": 104,
      "guid": "29bea5ae-60dc-469e-9116-de7a78a45d3f",
      "isActive": false,
      "balance": "$1,281.65",
      "picture": "http://placehold.it/32x32",
      "age": 36,
      "eyeColor": "green",
      "name": "Jeanie Pollard",
      "gender": "female",
      "company": "DIGIQUE",
      "email": "jeaniepollard@digique.com",
      "phone": "+1 (910) 495-3567"
    },
    {
      "_id": "5bfc019c6998245f6b469bbe",
      "index": 105,
      "guid": "4372baec-6a65-47d2-b85a-72c82fb35b07",
      "isActive": false,
      "balance": "$2,337.17",
      "picture": "http://placehold.it/32x32",
      "age": 34,
      "eyeColor": "blue",
      "name": "Todd Parks",
      "gender": "male",
      "company": "CUIZINE",
      "email": "toddparks@cuizine.com",
      "phone": "+1 (863) 445-2638"
    },
    {
      "_id": "5bfc019c3809f100b4c63609",
      "index": 106,
      "guid": "e1966435-9c07-4153-bf44-2b248fac4840",
      "isActive": true,
      "balance": "$2,171.89",
      "picture": "http://placehold.it/32x32",
      "age": 26,
      "eyeColor": "green",
      "name": "Lambert Castillo",
      "gender": "male",
      "company": "RODEOCEAN",
      "email": "lambertcastillo@rodeocean.com",
      "phone": "+1 (945) 423-2415"
    },
    {
      "_id": "5bfc019c06acf953d2d52759",
      "index": 107,
      "guid": "84935628-1df3-444b-a344-8b53accf144d",
      "isActive": true,
      "balance": "$3,980.92",
      "picture": "http://placehold.it/32x32",
      "age": 38,
      "eyeColor": "brown",
      "name": "Lessie Chan",
      "gender": "female",
      "company": "ZIPAK",
      "email": "lessiechan@zipak.com",
      "phone": "+1 (886) 455-3096"
    },
    {
      "_id": "5bfc019cd6728dc1bc013676",
      "index": 108,
      "guid": "a48d3949-29e5-4f82-b693-e34efbb04588",
      "isActive": true,
      "balance": "$1,784.84",
      "picture": "http://placehold.it/32x32",
      "age": 23,
      "eyeColor": "brown",
      "name": "Neal Barron",
      "gender": "male",
      "company": "VORTEXACO",
      "email": "nealbarron@vortexaco.com",
      "phone": "+1 (977) 554-3686"
    },
    {
      "_id": "5bfc019cec726b627752db90",
      "index": 109,
      "guid": "c0d28937-aed7-401c-82f7-d9b5e6846217",
      "isActive": true,
      "balance": "$3,343.23",
      "picture": "http://placehold.it/32x32",
      "age": 25,
      "eyeColor": "blue",
      "name": "Briggs Hudson",
      "gender": "male",
      "company": "BIFLEX",
      "email": "briggshudson@biflex.com",
      "phone": "+1 (891) 572-3898"
    },
    {
      "_id": "5bfc019ce2671db12e09f903",
      "index": 110,
      "guid": "a6c8be3d-19cd-4ff5-a383-97f0848dae55",
      "isActive": true,
      "balance": "$1,130.84",
      "picture": "http://placehold.it/32x32",
      "age": 25,
      "eyeColor": "blue",
      "name": "Ginger Glover",
      "gender": "female",
      "company": "BISBA",
      "email": "gingerglover@bisba.com",
      "phone": "+1 (861) 463-3604"
    },
    {
      "_id": "5bfc019cb2330092be5ba6c9",
      "index": 111,
      "guid": "954b2746-2149-4647-93b6-bb407509a0b9",
      "isActive": false,
      "balance": "$1,415.78",
      "picture": "http://placehold.it/32x32",
      "age": 27,
      "eyeColor": "brown",
      "name": "Bates Cummings",
      "gender": "male",
      "company": "COLLAIRE",
      "email": "batescummings@collaire.com",
      "phone": "+1 (814) 455-3404"
    },
    {
      "_id": "5bfc019c770beaa194e097af",
      "index": 112,
      "guid": "0a0484ad-3ab8-47a3-823f-9abf79a5228c",
      "isActive": false,
      "balance": "$1,973.15",
      "picture": "http://placehold.it/32x32",
      "age": 33,
      "eyeColor": "brown",
      "name": "Ruby Francis",
      "gender": "female",
      "company": "OVOLO",
      "email": "rubyfrancis@ovolo.com",
      "phone": "+1 (816) 436-3712"
    }
  ]
  