
{
  "header": {
    "reportVersion": 1,
    "event": "Allocation failed - JavaScript heap out of memory",
    "trigger": "FatalError",
    "filename": "report.20191030.170232.6672.0.001.json",
    "dumpEventTime": "2019-10-30T17:02:32Z",
    "dumpEventTimeStamp": "1572435152330",
    "processId": 6672,
    "cwd": "D:\\anu\\I\\src",
    "commandLine": [
      "node",
      "C:\\Users\\iT World\\AppData\\Roaming\\npm\\\\node_modules\\@angular\\cli\\bin\\ng",
      "build",
      "--prod"
    ],
    "nodejsVersion": "v12.13.0",
    "wordSize": 32,
    "arch": "ia32",
    "platform": "win32",
    "componentVersions": {
      "node": "12.13.0",
      "v8": "7.7.299.13-node.12",
      "uv": "1.32.0",
      "zlib": "1.2.11",
      "brotli": "1.0.7",
      "ares": "1.15.0",
      "modules": "72",
      "nghttp2": "1.39.2",
      "napi": "5",
      "llhttp": "1.1.4",
      "http_parser": "2.8.0",
      "openssl": "1.1.1d",
      "cldr": "35.1",
      "icu": "64.2",
      "tz": "2019a",
      "unicode": "12.1"
    },
    "release": {
      "name": "node",
      "lts": "Erbium",
      "headersUrl": "https://nodejs.org/download/release/v12.13.0/node-v12.13.0-headers.tar.gz",
      "sourceUrl": "https://nodejs.org/download/release/v12.13.0/node-v12.13.0.tar.gz",
      "libUrl": "https://nodejs.org/download/release/v12.13.0/win-x86/node.lib"
    },
    "osName": "Windows_NT",
    "osRelease": "10.0.17134",
    "osVersion": "Windows 10 Enterprise",
    "osMachine": "i686",
    "cpus": [
      {
        "model": "Intel(R) Celeron(R) CPU N3350 @ 1.10GHz",
        "speed": 1094,
        "user": 15657687,
        "nice": 0,
        "sys": 9773359,
        "idle": 91826218,
        "irq": 720125
      },
      {
        "model": "Intel(R) Celeron(R) CPU N3350 @ 1.10GHz",
        "speed": 1094,
        "user": 16448671,
        "nice": 0,
        "sys": 8351015,
        "idle": 92457015,
        "irq": 140078
      }
    ],
    "networkInterfaces": [
      {
        "name": "Wi-Fi",
        "internal": false,
        "mac": "6e:54:f4:73:e0:19",
        "address": "fe80::1472:9ae3:6e08:5a09",
        "netmask": "ffff:ffff:ffff:ffff::",
        "family": "IPv6",
        "scopeid": 12
      },
      {
        "name": "Wi-Fi",
        "internal": false,
        "mac": "6e:54:f4:73:e0:19",
        "address": "192.168.43.55",
        "netmask": "255.255.255.0",
        "family": "IPv4"
      },
      {
        "name": "Loopback Pseudo-Interface 1",
        "internal": true,
        "mac": "00:00:00:00:00:00",
        "address": "::1",
        "netmask": "ffff:ffff:ffff:ffff:ffff:ffff:ffff:ffff",
        "family": "IPv6",
        "scopeid": 0
      },
      {
        "name": "Loopback Pseudo-Interface 1",
        "internal": true,
        "mac": "00:00:00:00:00:00",
        "address": "127.0.0.1",
        "netmask": "255.0.0.0",
        "family": "IPv4"
      }
    ],
    "host": "DESKTOP-N6HGJQV"
  },
  "javascriptStack": {
    "message": "No stack.",
    "stack": [
      "Unavailable."
    ]
  },
  "nativeStack": [
    {
      "pc": "0x01502348",
      "symbol": "std::basic_streambuf<char,std::char_traits<char> >::`vftable'+64"
    }
  ],
  "javascriptHeap": {
    "totalMemory": 493182976,
    "totalCommittedMemory": 493182976,
    "usedMemory": 484671240,
    "availableMemory": 14022732,
    "memoryLimit": 504365056,
    "heapSpaces": {
      "read_only_space": {
        "memorySize": 262144,
        "committedMemory": 262144,
        "capacity": 262008,
        "used": 22100,
        "available": 239908
      },
      "new_space": {
        "memorySize": 1048576,
        "committedMemory": 1048576,
        "capacity": 524016,
        "used": 37680,
        "available": 486336
      },
      "old_space": {
        "memorySize": 439160832,
        "committedMemory": 439160832,
        "capacity": 437330580,
        "used": 435740188,
        "available": 1590392
      },
      "code_space": {
        "memorySize": 3309568,
        "committedMemory": 3309568,
        "capacity": 2786304,
        "used": 2786304,
        "available": 0
      },
      "map_space": {
        "memorySize": 4722688,
        "committedMemory": 4722688,
        "capacity": 1647720,
        "used": 1647720,
        "available": 0
      },
      "large_object_space": {
        "memorySize": 44089344,
        "committedMemory": 44089344,
        "capacity": 43924032,
        "used": 43924032,
        "available": 0
      },
      "code_large_object_space": {
        "memorySize": 589824,
        "committedMemory": 589824,
        "capacity": 513216,
        "used": 513216,
        "available": 0
      },
      "new_large_object_space": {
        "memorySize": 0,
        "committedMemory": 0,
        "capacity": 524016,
        "used": 0,
        "available": 524016
      }
    }
  },
  "resourceUsage": {
    "userCpuSeconds": 277.312,
    "kernelCpuSeconds": 19.421,
    "cpuConsumptionPercent": 79.3404,
    "maxRss": 661438464,
    "pageFaults": {
      "IORequired": 536723,
      "IONotRequired": 0
    },
    "fsActivity": {
      "reads": 5211,
      "writes": 6
    }
  },
  "libuv": [
  ],
  "environmentVariables": {
    "": "::=::\\",
    "": "C:=C:\\",
    "": "D:=D:\\anu\\I\\src",
    "ALLUSERSPROFILE": "C:\\ProgramData",
    "APPDATA": "C:\\Users\\iT World\\AppData\\Roaming",
    "CommonProgramFiles": "C:\\Program Files (x86)\\Common Files",
    "CommonProgramFiles(x86)": "C:\\Program Files (x86)\\Common Files",
    "CommonProgramW6432": "C:\\Program Files\\Common Files",
    "COMPUTERNAME": "DESKTOP-N6HGJQV",
    "ComSpec": "C:\\WINDOWS\\system32\\cmd.exe",
    "dp0": "C:\\Users\\iT World\\AppData\\Roaming\\npm\\",
    "DriverData": "C:\\Windows\\System32\\Drivers\\DriverData",
    "HOMEDRIVE": "C:",
    "HOMEPATH": "\\Users\\iT World",
    "LOCALAPPDATA": "C:\\Users\\iT World\\AppData\\Local",
    "LOGONSERVER": "\\\\DESKTOP-N6HGJQV",
    "NUMBER_OF_PROCESSORS": "2",
    "OneDrive": "C:\\Users\\iT World\\OneDrive",
    "OS": "Windows_NT",
    "Path": "C:\\WINDOWS\\system32;C:\\WINDOWS;C:\\WINDOWS\\System32\\Wbem;C:\\WINDOWS\\System32\\WindowsPowerShell\\v1.0\\;C:\\WINDOWS\\System32\\OpenSSH\\;C:\\Program Files (x86)\\nodejs\\;C:\\Users\\iT World\\AppData\\Local\\Microsoft\\WindowsApps;;C:\\Users\\iT World\\AppData\\Local\\Programs\\Microsoft VS Code\\bin;C:\\Users\\iT World\\AppData\\Roaming\\npm",
    "PATHEXT": ".COM;.EXE;.BAT;.CMD;.VBS;.VBE;.JSE;.WSF;.WSH;.MSC",
    "PROCESSOR_ARCHITECTURE": "x86",
    "PROCESSOR_ARCHITEW6432": "AMD64",
    "PROCESSOR_IDENTIFIER": "Intel64 Family 6 Model 92 Stepping 9, GenuineIntel",
    "PROCESSOR_LEVEL": "6",
    "PROCESSOR_REVISION": "5c09",
    "ProgramData": "C:\\ProgramData",
    "ProgramFiles": "C:\\Program Files (x86)",
    "ProgramFiles(x86)": "C:\\Program Files (x86)",
    "ProgramW6432": "C:\\Program Files",
    "PROMPT": "$P$G",
    "PSModulePath": "C:\\WINDOWS\\system32\\WindowsPowerShell\\v1.0\\Modules\\",
    "PUBLIC": "C:\\Users\\Public",
    "SESSIONNAME": "Console",
    "SystemDrive": "C:",
    "SystemRoot": "C:\\WINDOWS",
    "TEMP": "C:\\Users\\ITWORL~1\\AppData\\Local\\Temp",
    "TMP": "C:\\Users\\ITWORL~1\\AppData\\Local\\Temp",
    "USERDOMAIN": "DESKTOP-N6HGJQV",
    "USERDOMAIN_ROAMINGPROFILE": "DESKTOP-N6HGJQV",
    "USERNAME": "iT World",
    "USERPROFILE": "C:\\Users\\iT World",
    "windir": "C:\\WINDOWS",
    "_prog": "node"
  },
  "sharedObjects": [
    "C:\\Program Files (x86)\\nodejs\\node.exe",
    "C:\\WINDOWS\\SYSTEM32\\ntdll.dll",
    "C:\\WINDOWS\\System32\\KERNEL32.DLL",
    "C:\\WINDOWS\\System32\\KERNELBASE.dll",
    "C:\\WINDOWS\\System32\\WS2_32.dll",
    "C:\\WINDOWS\\SYSTEM32\\dbghelp.dll",
    "C:\\WINDOWS\\System32\\ucrtbase.dll",
    "C:\\WINDOWS\\System32\\RPCRT4.dll",
    "C:\\WINDOWS\\System32\\SspiCli.dll",
    "C:\\WINDOWS\\System32\\CRYPTBASE.dll",
    "C:\\WINDOWS\\System32\\bcryptPrimitives.dll",
    "C:\\WINDOWS\\System32\\sechost.dll",
    "C:\\WINDOWS\\System32\\ADVAPI32.dll",
    "C:\\WINDOWS\\System32\\msvcrt.dll",
    "C:\\WINDOWS\\System32\\USER32.dll",
    "C:\\WINDOWS\\System32\\win32u.dll",
    "C:\\WINDOWS\\System32\\GDI32.dll",
    "C:\\WINDOWS\\System32\\gdi32full.dll",
    "C:\\WINDOWS\\System32\\msvcp_win.dll",
    "C:\\WINDOWS\\System32\\PSAPI.DLL",
    "C:\\WINDOWS\\System32\\CRYPT32.dll",
    "C:\\WINDOWS\\System32\\MSASN1.dll",
    "C:\\WINDOWS\\SYSTEM32\\IPHLPAPI.DLL",
    "C:\\WINDOWS\\SYSTEM32\\USERENV.dll",
    "C:\\WINDOWS\\System32\\profapi.dll",
    "C:\\WINDOWS\\SYSTEM32\\bcrypt.dll",
    "C:\\WINDOWS\\SYSTEM32\\WINMM.dll",
    "C:\\WINDOWS\\SYSTEM32\\WINMMBASE.dll",
    "C:\\WINDOWS\\System32\\cfgmgr32.dll",
    "C:\\WINDOWS\\System32\\IMM32.DLL",
    "C:\\WINDOWS\\System32\\powrprof.dll",
    "C:\\WINDOWS\\system32\\uxtheme.dll",
    "C:\\WINDOWS\\System32\\combase.dll",
    "C:\\WINDOWS\\system32\\mswsock.dll",
    "C:\\WINDOWS\\System32\\kernel.appcore.dll",
    "C:\\WINDOWS\\System32\\NSI.dll",
    "C:\\WINDOWS\\SYSTEM32\\dhcpcsvc6.DLL",
    "C:\\WINDOWS\\SYSTEM32\\dhcpcsvc.DLL",
    "C:\\WINDOWS\\system32\\napinsp.dll",
    "C:\\WINDOWS\\system32\\pnrpnsp.dll",
    "C:\\WINDOWS\\system32\\NLAapi.dll",
    "C:\\WINDOWS\\SYSTEM32\\DNSAPI.dll",
    "C:\\WINDOWS\\System32\\winrnr.dll",
    "C:\\WINDOWS\\System32\\wshbth.dll"
  ]
}