[
    {
        "tableName":"API_DETAIL",
        "records":[{
            "API_ID": "",// need id from srvc
            "API_DOMAIN": "", 
            "API_NAME": "",
            "API_DESC": "",
            "API_SUB_DOMAIN": "",
            "SANDBOX_URL": "",
            "API_LEVEL": "1", //1
            "ENVIRONMENT": "", //drpdwn
            "ERRORCODE": "",// need to clearificatn from db..
            "INFORMATION": "__"// no th required
        }]
    },
    {
        "tableName":"PORTAL_MENU_TREE",
        "records":[{
            "ID":"",// get from service call
            "TAB_NAME": "",//API name
            "TYPE": "api",
            "PARENT_ID": "", // fetch from service based on selected subdomain
            "PARENT": "",
            "CHILD_COUNT": "",
            "POSITION": "",  // get from service call // 1- get child count by ID(PID) then slect all where PID =id
            "API_ID": "1",// kept 1 for all
            "STATUS": "active",
            "DESCRIPTION": "",
            "IMAGE_URL": "",
            "FILE_URL": "",  // file need to be uploaded and path saved in DB
            "ENVIRONMENT": "", 
            "DISPLAY": ""

            }]
    },
    {
        "tableName":"API_REQ_PARAMETER",
        "records":[{
            "REQ_ID": "1212",//get last  id frm srvc
            "API_ID":"",
            "REQ_NAME": "abcd",
            "REQ_TYPE": "1212",
            "REQ_DESC": "1212",
            "REQ_MAND": "1212" // drpdwn

            }]
    },
    {
        "tableName":"API_RES_PARAMETERR",
        "records":[{
            "RESP_ID":"1234", // get last id from service
            "API_ID":"1234",
            "RESP_NAME":"ASDASD",
            "RESP_DESC":"XJCHZJC",
            "RESP_TYPE":"32123",
        }]
    },
    {
        "tableName":"API_SAMPLE_REQUEST",
        "records":[{
            "PACKET_ID":"123",
            "API_ID":"1234",
            "SAMPLE_REQUEST":{
                "userNameOrEmailAddress":"admin",
                "password": "123qwe",
                "twoFactorVerificationCode":null,
                "rememberClient":false,
                "twoFactorRememberClientToken":null,
                "singleSignIn":null,
                "returnUrl":null,
                "loggedInApplicationType":3,
                "typedString":null
                },
            "REQ_TYPE":""
            
        
        }]
    },
    {
        "tableName":"ADD_PARAMETERS_TABLE",
        "records":[{
            "API_ID":"1234",
            "FIELD_NAMES":"2737213,asd",
            "API_NAME":"XZCHSADB"
        
        }]
    }
]